{"00985A":10887614650.0,"00986A":640373060.0,"00984A":7597119600.0,"00400A":21995454800.0,"00403A":184576994310.0,"00994A":5601420000.0,"00401A":3562346800.0,"00987A":3222923850.0,"00999A":16051631760.0,"00997A":12819057630.0,"00995A":5720843700.0,"00993A":11361013970.0,"00990A":41798477900.0,"00988A":54594920700.0,"00992A":46667241900.0,"00980A":17812762800.0,"00982A":52302588080.0,"00989A":1361886220.0,"00991A":60774675279.99999,"00981A":290028212440.0,"00996A":4953546870.0,"00983A":2122619819.9999998}