{"00985A":10987272450.0,"00986A":631707660.0,"00984A":7500996699.999999,"00400A":22191708000.0,"00403A":182689699500.0,"00994A":5559747600.0,"00401A":3470474700.0,"00987A":3335445350.0,"00999A":16279706590.0,"00997A":12336080360.0,"00995A":5768337900.0,"00993A":11283153960.0,"00990A":39865535360.0,"00988A":51975753620.00001,"00992A":47472957450.0,"00980A":18118620300.0,"00982A":52293168320.0,"00989A":1355716859.9999998,"00991A":59479232800.0,"00981A":286127035430.0,"00996A":4988380810.0,"00983A":2170006680.0}