{"00985A":11276532680.0,"00986A":651638080.0,"00984A":7333922960.0,"00400A":22698398400.0,"00403A":194968794060.0,"00994A":5753903099.999999,"00401A":3570655700.0,"00987A":3625283270.0,"00999A":16687986149.999998,"00997A":13188572870.0,"00995A":5879883150.0,"00993A":12083155800.0,"00990A":38518920440.0,"00988A":43578627230.0,"00992A":51713321100.00001,"00980A":18567279600.0,"00982A":55058923520.0,"00989A":1409230680.0,"00991A":57896877760.0,"00981A":286038216330.0,"00996A":5044155710.0,"00983A":2551658040.0}