{"00985A":11055380890.0,"00986A":664202910.0,"00984A":7522834560.0,"00400A":21943437000.0,"00403A":183343078740.0,"00994A":5483862900.0,"00401A":3444429900.0,"00987A":3373261060.0000005,"00999A":16394815570.000002,"00997A":13014607950.0,"00995A":5704798100.0,"00993A":11317703040.0,"00990A":41377657860.0,"00988A":54016081170.0,"00992A":47860309100.0,"00980A":18073300500.0,"00982A":52892391160.0,"00989A":1400444720.0,"00991A":58011187200.0,"00981A":279922428840.0,"00996A":4951783990.0,"00983A":2341883160.0}