{"00985A":11439665160.0,"00986A":655970780.0,"00984A":7495949520.000001,"00400A":22906195800.0,"00403A":196729106340.0,"00994A":5803693500.0,"00401A":3604637050.0,"00987A":3677970449.9999995,"00999A":16747489550.0,"00997A":12942337870.0,"00995A":5941639800.0,"00993A":12144695810.0,"00990A":39087916100.0,"00988A":48725760930.0,"00992A":51948916650.0,"00980A":18837689300.0,"00982A":55217399040.0,"00989A":1420948230.0,"00991A":59180802560.0,"00981A":290050228290.0,"00996A":5169517330.0,"00983A":2546315940.0}