{"00985A":10717638540.0,"00986A":628241500.0,"00984A":6789840420.0,"00400A":20576640200.0,"00403A":181905649620.0,"00994A":5340745199.999999,"00401A":3296910450.0,"00987A":3347273800.0000005,"00999A":16916934929.999998,"00997A":12007033170.0,"00995A":5423413100.0,"00993A":11328152070.0,"00990A":31465385000.0,"00988A":37978803630.0,"00992A":50797667100.0,"00980A":17311799600.0,"00982A":51882368680.0,"00989A":1451859420.0000002,"00991A":47301261440.0,"00981A":261903326290.0,"00996A":4636629030.0,"00983A":2519262720.0}