{"00985A":11332609470.0,"00986A":649038460.0,"00984A":7251857580.000001,"00400A":22792388800.0,"00403A":196436005200.0,"00994A":5828231500.0,"00401A":3492479950.0,"00987A":3683901870.0,"00999A":16993983600.000002,"00997A":13052606560.0,"00995A":5967642600.0,"00993A":12244190360.0,"00990A":37205079660.0,"00988A":42738653690.0,"00992A":54070376750.00001,"00980A":18643002600.0,"00982A":55700508160.0,"00989A":1407244300.0,"00991A":52930534440.0,"00981A":290125940010.0,"00996A":5096752480.0,"00983A":2508118060.0}