{"00985A":10598607030.0,"00986A":630407850.0,"00984A":7245544800.0,"00400A":21165152800.0,"00403A":174164180190.0,"00994A":5297786100.0,"00401A":3300206100.0,"00987A":3125188050.0000005,"00999A":15846351490.0,"00997A":12083132340.0,"00995A":5482171750.0,"00993A":10750615720.0,"00990A":39298905900.0,"00988A":50000367129.99999,"00992A":45098018850.0,"00980A":17264593500.0,"00982A":49902117440.0,"00989A":1306361980.0,"00991A":56593119279.99999,"00981A":272493224020.0,"00996A":4712525650.0,"00983A":2173820400.0}