{"00985A":10731199050.0,"00986A":627808230.0,"00984A":7220403540.0,"00400A":21316116800.0,"00403A":177271873040.0,"00994A":5339472900.0,"00401A":3373619300.0,"00987A":3260948120.0,"00999A":16014561149.999998,"00997A":12389701590.0,"00995A":5537925950.000001,"00993A":10919277090.0,"00990A":38906928760.0,"00988A":51064218660.0,"00992A":45742003450.0,"00980A":17613117900.0,"00982A":50191431040.0,"00989A":1328725910.0,"00991A":56832330880.0,"00981A":272187251190.0,"00996A":4790133480.0,"00983A":2160401800.0}