{"00985A":11072617080.0,"00986A":646872110.0,"00984A":7171347240.0,"00400A":22074398000.0,"00403A":190975019880.0,"00994A":5624166100.0,"00401A":3491898300.0,"00987A":3552331790.0,"00999A":16471800539.999998,"00997A":12996194850.0,"00995A":5772621600.000001,"00993A":11811722590.0,"00990A":37684912460.0,"00988A":42218670070.0,"00992A":51399301850.0,"00980A":18022074000.0,"00982A":53972234240.0,"00989A":1391520900.0,"00991A":51687653080.0,"00981A":281215173920.0,"00996A":4962108890.0,"00983A":2491544220.0}