{"00985A":10711187490.0,"00986A":629108040.0,"00984A":7192686060.0,"00400A":21210442000.0,"00403A":176399472090.0,"00994A":5311870800.0,"00401A":3358445600.0,"00987A":3239647390.0,"00999A":15941435300.0,"00997A":12282135120.0,"00995A":5508897799.999999,"00993A":10852029810.0,"00990A":38273819640.0,"00988A":50760566220.0,"00992A":45559971600.0,"00980A":17553739500.0,"00982A":49947568080.0,"00989A":1324870060.0,"00991A":56137909279.99999,"00981A":270458211480.0,"00996A":4763741560.0,"00983A":2164225520.0}