{"00985A":11174574880.0,"00986A":635173820.0,"00984A":7115970180.0,"00400A":22181332800.0,"00403A":194080901400.0,"00994A":5769381900.000001,"00401A":3384290150.0,"00987A":3671683290.0,"00999A":17511032070.0,"00997A":12796901000.0,"00995A":5873382450.0,"00993A":12040542150.0,"00990A":34083881460.0,"00988A":41838682040.0,"00992A":54382490850.0,"00980A":18364446900.0,"00982A":55156763720.0,"00989A":1499806109.9999998,"00991A":51310387200.0,"00981A":284821530960.0,"00996A":4972133790.0,"00983A":2503433880.0}