{"00985A":11393784150.0,"00986A":668102340.0,"00984A":7515090780.0,"00400A":22584866400.0,"00403A":191711124440.0,"00994A":5697888900.0,"00401A":3602023100.0,"00987A":3582728240.0,"00999A":16852630740.000002,"00997A":12988106880.0,"00995A":5814876150.0,"00993A":11881681240.0,"00990A":39369020880.0,"00988A":49921715970.0,"00992A":50249056450.0,"00980A":18694005600.0,"00982A":53944672320.0,"00989A":1439696310.0,"00991A":59080740160.00001,"00981A":285384291700.0,"00996A":5106836520.0,"00983A":2403502920.0}