{"00985A":11231182040.0,"00986A":675467930.0,"00984A":7537988680.0,"00400A":22283718400.0,"00403A":186900656590.0,"00994A":5600215100.0,"00401A":3462132550.0,"00987A":3441036110.0,"00999A":16614193120.0,"00997A":13125170970.0,"00995A":5795247900.0,"00993A":11536646700.0,"00990A":41747267540.0,"00988A":51520461010.0,"00992A":48706997850.0,"00980A":18459260100.0,"00982A":53425535800.0,"00989A":1401215890.0000002,"00991A":58883736959.99999,"00981A":284381531250.0,"00996A":5030959750.0,"00983A":2316763400.0}