{"00985A":10385000000.0,"00986A":617000000.0,"00984A":6580000000.0,"00400A":19534000000.0,"00403A":175427000000.0,"00994A":5070000000.0,"00401A":3173000000.0,"00987A":3197000000.0,"00999A":16366000000.0,"00997A":11690000000.0,"00995A":5140000000.0,"00993A":10750000000.0,"00990A":30252000000.0,"00988A":36379000000.0,"00992A":48134000000.0,"00980A":16491999999.999998,"00982A":49338000000.0,"00989A":1420000000.0,"00991A":44678000000.0,"00981A":247780000000.00003,"00996A":4425000000.0,"00983A":2444000000.0}