{"00985A":11014315340.0,"00986A":641239600.0,"00984A":7534540860.000001,"00400A":22161515200.0,"00403A":183844699500.0,"00994A":5562829500.0,"00401A":3470474700.0,"00987A":3372276780.0,"00999A":16482566590.0,"00997A":12708225010.0,"00995A":5768337900.0,"00993A":11366109870.0,"00990A":41090218120.0,"00988A":53945275070.0,"00992A":47767197450.0,"00980A":18231864900.0,"00982A":52364028320.0,"00989A":1355716859.9999998,"00991A":59479232800.0,"00981A":286249817520.0,"00996A":5011165810.0,"00983A":2196727140.0}