{"00985A":10548778130.0,"00986A":615676670.0,"00984A":7253344800.0,"00400A":21044381600.0,"00403A":172827120570.0,"00994A":5285458500.0,"00401A":3361844600.0,"00987A":3074612310.0000005,"00999A":15596266320.000002,"00997A":12255861510.0,"00995A":5457595000.0,"00993A":10812493910.0,"00990A":39241141720.0,"00988A":51505883110.0,"00992A":44433991050.0,"00980A":17081532800.0,"00982A":49751242320.0,"00989A":1319471870.0,"00991A":57701798440.0,"00981A":271944211480.0,"00996A":4721093580.0,"00983A":2108987160.0}