{"00985A":11230651670.0,"00986A":633874010.0,"00984A":7170325140.0,"00400A":22364649600.0,"00403A":195156843110.0,"00994A":5747807800.0,"00401A":3441900950.0,"00987A":3692047590.0,"00999A":17286182240.0,"00997A":12767369690.0,"00995A":5902635600.0,"00993A":12093467610.0,"00990A":35250719760.0,"00988A":42038675740.0,"00992A":54700419550.00001,"00980A":18570789000.0,"00982A":55867408120.00001,"00989A":1493917920.0000002,"00991A":51754451279.99999,"00981A":285542156410.0,"00996A":5037640660.0,"00983A":2501272020.0}